0;255;255;255;x;x;
1;124;207;255;b_maleatas_prasiai;x # LAKEDAIMON
2;190;186;255;b_prasiai_prasiai;x
3;255;119;164;b_kyphanta_prasiai;x
4;255;248;244;b_kythera_kythera;x
5;181;216;255;b_boiai_kythera;x
6;209;255;215;b_epidauros_limen_epidauros_limen;x
7;255;181;200;b_geronthrai_epidauros_limen;x
8;223;255;216;b_gytheion_gytheion;x
9;206;225;255;b_krokeai_sparta;x
10;255;188;235;b_sparta_sparta;x
11;255;224;204;b_sellasia_sparta;x
12;126;255;119;b_athenaion_megalopolis;x
13;220;175;255;b_tainaron_gytheion;x
14;66;94;255;b_kardamyle_limnai;x
15;77;86;83;PARNON MONS;x
16;84;73;80;TAYGETOS MONS SOUTH;x
17;59;84;72;b_pherai_thouria;x # MESSENE
18;84;48;78;b_thouria_thouria;x
19;35;36;84;b_karnasion_messene;x
20;37;84;51;b_kyparissia_messene;x
21;69;56;84;b_messene_messene;x
22;84;49;43;b_korone_messene;x
23;91;31;229;b_erana_methone;x
24;62;84;80;b_pylos_methone;x
25;83;83;84;b_methone_methone;x
26;28;45;81;b_lepreon_triphylia;x # ELIS
27;39;81;73;b_epitalion_triphylia;x
28;79;7;11;b_makistos_triphylia;x
29;58;57;81;b_kikysion_pisatis;x
30;67;79;37;b_olympia_pisatis;x
31;63;76;79;b_pylos_koile_elis;x
32;12;69;79;b_pheia_pisatis;x
33;15;79;48;b_kyllene_koile_elis;x
34;75;71;79;b_elis_koile_elis;x
35;77;58;79;b_myrtountion_koile_elis;x
36;137;229;255;b_dyme_dyme;x # ACHAIA
37;179;95;182;b_tritaia_dyme;x
38;255;191;225;b_pharai_patrai;x
39;255;124;241;b_patrai_patrai;x
40;119;255;209;b_aigion_aigion;x
41;184;255;170;b_leontion_aigion;x
42;104;255;244;b_kynaithai_aigion;x
43;234;255;178;b_keryneia_keryneia;x
44;168;168;255;b_boura_keryneia;x
45;175;252;255;b_aigeira_pellene;x
46;207;196;255;b_pellene_pellene;x
47;24;40;22;WESTERN ACHAEAN MOUNTAINS;x
48;5;40;39;SOUTHERN ACHAEAN MOUNTAINS;x
49;6;8;40;EASTERN ACHAEAN MOUNTAINS;x
50;145;187;255;b_megalopolis_megalopolis;x # ARCADIA
51;255;238;165;b_lykosoura_megalopolis;x
52;130;132;255;b_gortys_megalopolis;x
53;227;186;255;b_heraia_heraia;x
54;170;239;255;b_paos_heraia;x
55;151;255;140;b_kleitor_kleitor;x
56;255;30;251;b_pheneos_kleitor;x
57;240;255;229;b_torthyneion_orchomenos;x
58;81;243;255;b_orchomenos_orchomenos;x
59;54;187;216;b_mantineia_mantineia;x
60;10;79;255;b_tegea_tegea;x
61;213;122;255;b_dipaia_tegea;x
62;31;18;38;CENTRAL ARCADIAN MOUNTAINS;x
63;38;3;18;EASTERN ARCADIAN MOUNTAINS;x
64;10;66;84;b_troizen_troizen;x # ARGOLIS
65;22;84;56;b_hermione_hermione;x
66;81;47;77;b_epidauros_epidauros;x
67;46;31;81;b_didymoi_hermione;x
68;73;81;70;b_asklepieion_epidauros;x
69;81;65;58;b_asine_argos;x
70;34;42;79;b_heraion_argos;x
71;35;50;32;b_argos_argos;x
72;79;72;52;b_lerna_argos;x
73;156;43;255;b_eua_thyreatis;x
74;255;73;152;b_anthana_thyreatis;x
75;160;185;255;b_aigina_aigina;x
76;20;20;20;WORLD;x # WORLD
77;114;34;104;b_isthmia_korinthos;x # KORINTHIA
78;112;98;35;b_korinthos_korinthos;x
79;103;58;112;b_boukephalos_korinthos;x
80;112;46;83;b_kleonai_kleonai;x
81;69;93;112;b_nemea_kleonai;x
82;72;114;77;b_sikyon_sikyon;x
83;97;65;114;b_titane_sikyon;x
84;114;94;80;b_phleious_phleious;x
85;149;99;183;b_stymphalos_mantineia;x
86;29;196;150;b_megara_megara;x # ATTIKE
87;198;255;191;b_eleutherai_eleusis;x
88;255;181;237;b_eleusis_eleusis;x
89;135;255;221;b_salamis_athenai;x
90;155;165;255;b_peiraieus_athenai;x
91;160;110;193;b_athenai_athenai;x
92;40;81;193;b_pallene_athenai;x
93;110;193;185;b_anagyros_thorikos;x
94;127;124;193;b_thorikos_thorikos;x
95;193;91;149;b_myrrinous_thorikos;x
96;242;107;255;b_marathon_marathon;x
97;119;146;255;b_rhamnous_marathon;x
98;172;255;168;b_oropos_tanagra;x
99;246;84;255;b_tanagra_tanagra;x # BOIOTIA
100;255;158;253;b_anthedon_thebai;x
101;160;170;255;b_akraiphiai_thebai;x
102;150;180;255;b_thebai_thebai;x
103;255;173;132;b_thespiai_thespiai;x
104;255;63;70;b_plataia_tanagria;x
105;86;97;255;b_thisbe_thespiai;x
106;217;147;255;b_koroneia_thespiai;x
107;206;244;255;b_chaironeia_orchomenos_boiotia;x
108;153;255;122;b_orchomenos_orchomenos_boiotia;x
109;255;66;255;HELIKON MONS;x
110;157;124;255;b_medeon_antikyra;x # PHOKIS
111;255;155;218;b_antikyra_antikyra;x
112;231;255;193;b_delphi_delphi;x
113;175;255;197;b_daulis_antikyra;x
114;255;68;245;b_elateia_elateia;x
115;255;68;143;b_daphnous_elateia;x
116;104;137;255;b_lilaia_elateia;x
117;255;119;102;b_erineos_doris;x
118;196;255;236;PARNASSOS MONS;x
119;255;196;205;BOIOTIAN LAKE;x
120;255;143;99;b_halai_opous;x # LOCRIS
121;255;84;235;b_opous_opous;x
122;211;255;255;b_thronion_thronion;x
123;218;86;255;b_amphissa_amphissa;x
124;255;166;153;b_oiantheia_amphissa;x
125;145;255;150;b_naupaktos_naupaktos;x
126;251;188;255;CENTER PINDUS MOUNTAINS;x
127;244;45;255;b_kallion_kallion;x # AITOLIA
128;71;105;255;b_teichion_kallion;x
129;107;255;151;b_thermon_thermon;x
130;182;170;255;b_trichonion_thermon;x
131;155;40;255;b_kalydon_kalydon;x
132;160;242;255;b_paianion_lysimacheia_aitolia;x
133;255;229;221;b_agrinion_thermon;x
134;252;94;255;b_pras_pras;x
135;73;53;255;b_oichalia_aperantia;x
136;255;43;99;AITOLIAN LAKES;x
137;255;56;115;b_stratos_stratos;x # AKARNANIA
138;255;185;119;b_alyzeia_oiniadai;x
139;231;255;183;b_oiniadai_oiniadai;x
140;241;119;255;b_thyrreion_anaktorion;x
141;255;210;183;b_anaktorion_anaktorion;x
142;175;255;227;b_leukas_leukas;x
143;140;241;255;MYRTOUNTION LAKE;x
144;255;213;76;AKARNANIAN LAKES (EAST);x
145;255;50;169;b_ktimene_dolopia;x
146;154;255;96;b_same_kephallenia;x
147;124;255;239;b_pale_kephallenia;x
148;255;86;86;b_zakynthos_zakynthos;x
149;125;79;255;b_aidepsos_oreos;x # EUBOIA
150;45;227;255;b_oreos_oreos;x
151;196;61;255;b_kerinthos_chalkis;x
152;255;58;107;b_aigai_chalkis;x
153;236;255;94;b_chalkis_chalkis;x
154;155;255;216;b_eretria_eretria;x
155;248;122;255;b_tamynai_eretria;x
156;173;231;255;b_teleidai_eretria;x
157;104;107;255;b_styra_eretria;x
158;255;81;226;b_karystos_karystos;x
159;255;15;75;DIRPHYS MONS;x
160;255;35;196;b_phalara_lamia;x # MALIS
161;255;124;10;b_lamia_lamia;x
162;220;255;68;b_herakleia_trachinia_trachis;x
163;173;255;96;b_hypata_ainis;x
164;183;194;255;b_spercheiai_ainis;x
165;255;200;198;KNEMIS MONS;x
166;196;255;228;OTHRYS MONS;x
167;255;0;72;b_olizon_demetrias;x # MAGNESIA
168;165;137;24;b_korope_demetrias;x
169;101;165;165;b_demetrias_demetrias;x
170;128;97;165;b_boibe_demetrias;x
171;165;112;107;b_meliboia_meliboia;x
172;152;62;165;b_sykyrion_meliboia;x
173;244;226;255;BOIBE LAKE;x
174;45;255;49;b_larissa_kremaste_larissa_kremaste;x # PHTHIOTIS
175;255;247;107;b_halos_larissa_kremaste;x
176;137;168;255;b_itonos_thebai_phthiotides;x
177;255;245;170;b_thebai_phthiotides_thebai_phthiotides;x
178;255;137;231;b_pyrasos_thebai_phthiotides;x
179;127;255;159;b_eretria_thebai_phthiotides;x
180;255;91;146;b_proerna_proerna;x
181;255;249;183;b_melitaia_melitaia;x
182;255;63;194;b_thaumakoi_proerna;x
183;216;255;230;b_ekarra_proerna;x
184;80;255;0;PHTHIOTIS LAKE;x
185;129;255;84;b_pherai_pherai_pelasgiotis;x # PELASGIOTIS
186;150;71;255;b_armenion_pherai_pelasgiotis;x
187;255;127;172;b_skotoussa_pherai_pelasgiotis;x
188;172;124;255;b_krannon_krannon;x
189;102;198;255;b_atrax_krannon;x
190;255;207;153;b_larissa_larissa;x
191;222;255;173;b_chalkai_larissa;x
192;255;40;219;b_gyrtone_larissa;x
193;39;35;255;b_angeia_dolopia;x # THESSALIOTIS
194;249;86;255;b_philia_kierion;x
195;122;255;219;b_kierion_kierion;x
196;255;135;91;b_limnaion_pharsalos;x
197;255;135;171;b_euhydrion_pharsalos;x
198;226;255;236;b_thetonion_pharsalos;x
199;255;99;231;b_pharsalos_pharsalos;x
200;255;142;221;b_metropolis_metropolis;x # HESTIAIOTIS
201;133;255;109;b_gomphoi_metropolis;x
202;209;255;186;b_pialeia_trikka;x
203;255;145;234;b_trikka_trikka;x
204;114;152;255;b_pelinna_trikka;x
205;255;166;94;b_pharkadon_trikka;x
206;255;66;217;b_homolion_meliboia;x # PERRHAIBIA
207;255;211;20;b_gonnoi_gonnoi;x
208;255;181;211;b_askyris_gonnoi;x
209;255;61;90;b_kondaia_argoura;x
210;181;255;178;b_argoura_argoura;x
211;117;255;255;b_phalanna_olooson;x
212;255;236;168;b_chyretiai_olooson;x
213;165;255;86;b_malloia_olooson;x
214;215;198;255;b_azoros_tripolis;x
215;188;255;225;b_olooson_olooson;x
216;193;243;255;PERRHAIBIA-MACEDONIA MOUNTAINS WEST;x
217;255;201;178;OSSA MONS;x
218;124;129;255;b_argithaia_argithaia;x # DRYOPIS
219;56;255;221;b_theudoria_chalkis_athamania;x
220;107;104;255;b_argos_amphilochia;x
221;255;201;66;b_idomene_amphilochia;x
222;142;255;165;b_ambrakos_ambrakia;x
223;255;253;170;b_ambrakia_ambrakia;x
224;192;124;255;b_batiai_kassope;x # THESPROTIA
225;174;255;76;b_kassope_kassope;x
226;255;155;158;b_onopernoi_dodona;x
227;186;165;255;b_elea_kichyros;x
228;255;222;147;b_elinia_gitana;x
229;255;76;76;b_kichyros_kichyros;x
230;150;93;149;b_korkyra_korkyra;x
231;168;255;174;b_kassiope_korkyra;x
232;86;255;224;THESPROTIA MONS;x
233;178;224;255;DRYOPIS MONS;x
234;125;56;255;b_dodona_dodona;x # MOLOSSIS
235;140;209;255;b_eurymenai_passaron;x
236;205;119;255;b_bouneima_trampya;x
237;255;204;212;b_passaron_passaron;x
238;149;255;104;b_ilion_phanota;x
239;86;109;255;b_helikranon_passaron;x
240;255;206;117;TOMAROS MONS;x
241;211;143;151;PASSARON MONS;x
242;99;255;203;NORTH MOLOSSIS MONS;x
243;145;121;59;b_gitana_gitana;x # CHAONIA
244;31;84;145;b_bouthroton_phoinike;x
245;88;145;90;b_phoinike_phoinike;x
246;145;68;144;b_phanota_phanota;x
247;139;145;20;b_antigoneia_antigoneia;x
248;145;21;122;b_panormos_orikon;x
249;150;32;28;b_orikon_orikon;x
250;145;150;52;b_aulon_amantia;x
251;58;150;33;b_amantia_amantia;x
252;128;150;31;b_hekatompedon_antigoneia;x
253;60;0;145;b_eriboia_paroraia;x
254;150;144;132;KERAUNOS MONS;x
255;150;129;124;MEROPOS MONS;x
256;147;113;140;ASNAUS MONS;x
257;128;147;119;PHOINIKE MONS;x
258;90;130;147;OMPHALES MONS;x
259;211;95;192;OROPOS MONS;x
260;255;96;99;DODONA LAKE;x
261;147;112;124;BOUTHROTON MONS;x
262;147;134;69;PELODES LAKE;x
263;70;68;145;AULON LAKE;x
264;91;50;78;b_phrourion_pyrrhou_triphylia;x # PARAUAIA
265;77;75;91;b_artichia_triphylia;x
266;68;91;62;b_paroraia_paroraia;x
267;158;30;111;b_chrysondyon_chrysondyon;x
268;85;155;62;b_gerous_chrysondyon;x
269;62;147;139;BOION MONS;x
270;36;26;147;KONITSA MONS;x
271;124;47;147;LANGARIKA MONS;x
272;91;40;72;AMYRON MONS;x
273;69;145;73;ORESTIS WEST MOUNTAIN;x
274;92;142;67;b_leibethra_dion;x # BOTTIAIA
275;142;23;2;b_dion_dion;x
276;105;2;142;b_aigai_aigai;x
277;114;142;132;b_pydna_pydna;x
278;128;64;142;b_methone_pydna;x
279;232;107;255;b_berroia_berroia;x
280;112;119;255;b_edessa_edessa;x
281;132;255;142;b_kyrros_edessa;x
282;255;127;81;b_europos_almopia;x
283;255;252;117;b_pella_pella;x
284;112;255;197;b_allante_pella;x
285;247;104;255;b_chalastra_thessalonike;x
286;170;255;193;b_sindos_thessalonike;x
287;255;61;232;b_thessalonike_thessalonike;x
288;135;118;123;PARORBELIA MOUNTAINS;x
289;255;191;229;LOUDIAS LAKE;x
290;198;182;219;BARNOUS MONS;x
291;177;219;171;BORA MONS;x
292;207;34;216;b_oblostos_aiane;x # ELIMEIOTIS
293;120;116;153;b_aiane_aiane;x
294;134;153;99;b_arkynia_arkynia;x
295;61;153;59;b_euia_euia;x
296;192;255;160;b_arnisa_arnisa;x # EORDAIA
297;255;150;109;b_kormestai_arnisa;x
298;198;190;149;b_kellai_bokeria;x
299;205;81;255;b_bokeria_bokeria;x
300;216;82;58;EMIMEIOTIS MOUNTAINS;x
301;101;62;216;EORDAIA MOUNTAINS NORTH;x
302;214;66;88;EORDAIA LAKES;x
303;86;255;198;b_phaloreia_phaloreia;x # TYMPHAIA
304;157;30;255;b_oxyneia_phaloreia;x
305;244;127;255;b_herkeia_aiginion;x
306;215;255;117;b_tela_eratyra;x
307;255;66;53;b_aiginion_aiginion;x
308;67;255;38;b_genoaioi_aiginion;x
309;40;84;145;b_eratyra_eratyra;x # ORESTIS
310;145;132;91;b_hekateion_ethnestai;x
311;145;34;137;b_argos_orestikon_argos_orestikon;x
312;79;145;135;b_keletron_keletron;x
313;85;145;33;b_pelion_pelion;x
314;145;134;36;b_psarades_pelion;x # Modern settlement
315;80;145;74;b_lyke_keletron;x
316;142;129;131;KELETRON LAKE;x
317;115;134;142;PRESPA LAKE;x
318;145;79;128;SFIKA MONS;x
319;105;142;118;b_melitonous_melitonous;x # LYNKESTIS
320;30;19;142;b_artemision_melitonous;x
321;142;7;0;b_herakleia_lynkestis_herakleia_lynkestis;x
322;82;142;110;b_parembole_herakleia_lynkestis;x
323;126;214;214;b_dostoneoi_dostoneoi;x # PELAGONIA
324;102;126;214;b_pluinna_dostoneoi;x
325;214;175;149;b_pelagonia_stymbara;x
326;214;49;170;b_stymbara_stymbara;x # Stuberra
327;79;214;117;b_kolobaise_stymbara;x
328;164;191;216;EASTERN PELAGONIA MOUNTAINS;x
329;216;36;168;NORTHERN PELAGONIA MOUNTAINS;x
330;208;216;56;WESTERN PELAGONIA MOUNTAINS;x
331;140;50;122;HERAKLEIA LYNKESTIS MOUNTAIN;x
332;33;142;21;SKIRTIANA MOUNTAINS;x
333;127;87;70;b_europos_pella;x # PARORBELIA
334;80;123;130;b_moryllos_moryllos;x
335;42;103;130;b_gortyna_eidomene;x
336;74;130;67;b_eidomene_eidomene;x
337;130;66;101;b_bragylai_moryllos;x
338;130;27;37;b_ioros_moryllos;x
339;28;41;127;PARORBELIA LAKE;x
340;74;58;135;KERKINITIS LAKE;x
341;135;10;19;b_anthemous_kalindoia;x # MYGDONIA
342;135;47;119;b_kalindoia_kalindoia;x
343;76;37;135;b_apollonia_arethousa;x
344;36;135;98;b_arethousa_arethousa;x
345;79;49;132;THESSALONIKE LAKE;x
346;132;81;0;BOLBE LAKE;x
347;137;93;5;b_aineia_thessalonike;x # CHALKIDIKE
348;104;131;137;b_spartolos_spartolos;x
349;53;137;91;b_olynthos_olynthos;x
350;52;140;36;b_kassandreia_kassandreia;x
351;137;111;129;b_mende_kassandreia;x
352;69;140;58;b_torone_torone;x
353;114;53;140;b_singos_torone;x
354;137;56;136;b_sermylia_olynthos;x
355;22;133;137;b_akanthos_akanthos;x
356;5;20;137;b_stageira_akanthos;x
357;140;35;68;b_ouranopolis_akrothooi;x
358;11;11;140;b_akrothooi_akrothooi;x
359;132;85;62;b_lete_lete;x # KRESTONIA
360;132;10;7;b_physka_lete;x
361;74;114;132;b_arrolos_tragilos;x
362;111;121;132;b_tragilos_tragilos;x
363;35;40;132;b_mieza_berroia;x # ODOMANTIKE
364;131;94;132;b_skotoussa_sirra;x
365;129;39;132;b_berge_berge;x
366;53;132;63;b_sirra_sirra;x
367;132;35;42;b_gazoros_berge;x
368;109;55;198;b_argilos_amphipolis;x # EDONIS
369;196;64;176;b_amphipolis_amphipolis;x
370;196;29;46;b_methone_amphipolis;x
371;60;196;29;b_oisyme_amphipolis;x
372;193;63;83;b_neapolis_philippoi;x
373;193;1;139;b_philippoi_philippoi;x
374;191;111;107;b_tripolis_philippoi;x
375;129;179;193;b_domeros_philippoi;x
376;149;158;196;SAPAIKE MONS;x
377;112;14;107;ORBELOS MONS;x
378;80;81;80;PRASIAS LAKE;x
379;18;109;12;PANGAION MONS;x
380;84;25;84;b_pagai_megara;x
381;172;147;255;b_peparethos_sporades;x
382;227;255;168;b_skyros_sporades;x
383;255;0;148;b_andros_andros;x # KYKLADES
384;225;35;255;b_keos_andros;x
385;229;255;249;b_kythnos_andros;x
386;44;7;255;b_tenos_delos;x
387;231;255;56;b_syra_delos;x
388;43;255;71;b_delos_delos;x
389;94;255;118;b_seriphos_paros;x
390;237;255;124;b_siphnos_paros;x
391;255;207;35;b_melos_melos;x
392;145;89;59;b_pholegandros_melos;x
393;79;100;145;b_paros_paros;x
394;124;91;145;b_naxos_naxos;x
395;52;145;43;b_ios_naxos;x
396;145;118;75;b_amorgos_naxos;x
397;133;145;78;b_thera_thera;x
398;145;101;122;b_anaphe_thera;x
399;123;145;127;b_astypalaia_astypalaia;x
400;153;151;38;b_itanos_itanos;x # AIGAION
401;58;153;115;b_praisos_praisos;x
402;153;118;15;b_hierapytna_hierapytna;x
403;76;100;153;b_olous_lyktos;x
404;153;19;104;b_priansos_hierapytna;x
405;70;0;73;AIGAION MONS;x
406;193;38;0;b_lyktos_lyktos;x
407;91;193;54;b_arkades_hierapytna;x
408;206;167;192;b_rhaukos_knossos;x
409;79;193;153;b_gortyn_gortyn;x # IDAION
410;150;97;111;b_idaion_antron_gortyn;x
411;229;168;119;b_sybrita_eleutherna;x
412;93;198;107;b_kaudos_gortyn;x
413;193;191;48;b_knossos_knossos;x
414;193;137;166;b_axos_knossos;x
415;89;150;81;b_eleutherna_eleutherna;x
416;69;9;99;IDAION MONS;x
417;204;34;198;b_phoinix_oreia;x # LEUKA
418;145;58;56;b_lappa_lappa;x
419;100;81;145;b_aptera_lappa;x
420;143;140;145;b_kydonia_kydonia;x
421;145;141;74;b_diktynnaion_polyrhen;x
422;130;204;122;b_polyrhen_polyrhen;x
423;204;145;93;b_kantanos_polyrhen;x
424;104;91;198;b_hyrtakina_oreia;x
425;255;96;168;LEUKA MONTES;x
426;148;48;255;EPIROTE SEA;x
427;198;255;124;CEPHALONIAN SEA;x
428;61;200;255;GULF OF CORINTH;x
429;255;210;137;MESSENIA SEA;x
430;255;107;161;LAKEDAIMON SEA;x
431;53;238;255;WESTERN CRETE SEA;x
432;172;48;255;SOUTHWESTERN CRETE SEA;x
433;255;130;132;SOUTHEASTERN CRETE SEA;x
434;163;88;154;KARPATHOS SEA;x
435;188;160;255;NORTHEASTERN CRETE SEA;x
436;255;181;227;NORTHWESTERN CRETE SEA;x
437;255;84;135;ARGOLIS SEA;x
438;173;255;193;SOUTHERN CYCLADES SEA;x
439;99;120;255;NORTHERN CYCLADES SEA;x
440;255;235;232;EUBOIA INTERNAL SEA;x
441;102;255;160;SKYROS SEA;x
442;255;140;247;EMATHIA SEA;x
443;93;62;165;THASOS SEA;x
444;255;79;196;AEOLIA SEA;x
445;142;249;255;IONIA SEA;x
446;62;163;144;CARIA SEA;x
447;165;101;16;PROPONTIS SEA;x
448;241;237;255;SALE MOUNTAIN;x
449;188;158;184;BERGEPOLIS MOUNTAIN;x
450;188;159;156;LINOS MOUNTAIN;x
451;188;188;186;ARRIANA MOUNTAIN;x
452;158;255;230;b_alyke_thasos;x
453;188;255;155;b_thasos_thasos;x
454;188;188;64;b_pistyros_thasos;x
455;188;100;166;b_abdera_abdera;x
456;113;33;188;b_topeiros_topeiros;x
457;188;90;37;b_bergepolis_abdera;x
458;126;188;127;b_dikaia_abdera;x
459;188;41;28;b_stryme_maroneia;x
460;186;144;48;b_paisoulai_paisoulai;x
461;188;109;138;b_maroneia_maroneia;x
462;188;45;157;b_breierophara_paisoulai;x
463;188;64;26;b_brentike_paisoulai;x
464;160;116;106;b_samothrake_samothrake;x
465;109;186;65;b_zone_samothrake;x
466;178;42;186;b_sale_samothrake;x
467;45;96;163;b_ainos_ainos;x
468;129;163;86;b_kolla_ainos;x
469;75;145;163;b_deris_ainos;x
470;137;48;186;b_lysimachia_chersonesos_thrace;x
471;81;186;147;b_sestos_chersonesos_thrace;x
472;186;90;46;b_alopekonnesos_chersonesos_thrace;x
473;83;72;186;b_elaious_chersonesos_thrace;x
474;140;163;122;b_kobrys_bisanthe;x
475;121;79;163;b_neapolis_herakleia_bisanthe;x
476;163;24;33;b_bisanthe_bisanthe;x
477;104;163;163;b_heraion_perinthos;x
478;163;158;120;b_perinthos_perinthos;x
479;84;53;163;b_daunion_teichos_perinthos;x
480;133;50;163;b_selymbria_selymbria;x
481;163;66;53;b_kallon_selymbria;x
482;94;163;130;b_statuas_selymbria;x
483;163;148;124;b_athyras_byzantion;x
484;135;52;163;b_melantias_byzantion;x
485;97;102;163;b_byzantion_byzantion;x
486;149;75;163;b_timaia_byzantion;x
487;163;73;122;b_delkos_byzantion;x
488;132;131;160;LAKE BISTONIS;x
489;191;245;255;CITHAERON MOUNTAINS;x
490;254;216;255;PARNES MOUNTAINS;x
491;81;104;255;MALIS MOUNTAIN;x
492;188;255;168;b_marmarion_karystos;x
493;255;220;186;b_pyra_trachis;x
494;255;50;118;b_xyniai_melitaia;x
495;137;94;255;b_horraon_ambrakia;x
496;247;253;255;OZOLIAN LOCRIS MOUNTAINS;x
497;196;248;255;KORAX MOUNTAINS;x
498;255;210;196;DOLOPIA MOUNTAINS;x
499;248;255;153;b_chalkis_chalkis_athamania;x
500;200;142;255;b_athenaion_argithaia;x
501;199;255;196;b_herakleia_argithaia;x
502;255;249;229;SOUTHERN PINDUS MOUNTAINS;x
503;196;215;255;NORTHERN PINDUS MOUNTAINS;x
504;202;196;255;b_trampya_trampya;x
505;255;35;251;b_myrina_lemnos;x
506;101;84;255;b_hephaistia_lemnos;x
507;255;181;163;b_imbros_lemnos;x
508;255;175;224;b_gargara_assos;x
509;137;165;255;b_assos_assos;x
510;141;71;255;b_larisa_alexandria_troas;x
511;56;45;255;b_alexandria_troas_alexandria_troas;x
512;255;7;226;b_kebren_alexandria_troas;x
513;84;255;143;b_tenedos_ilion;x
514;81;255;217;b_ilion_ilion;x
515;211;235;255;b_skamandreia_ilion;x
516;174;99;255;b_gergis_skepsis;x
517;255;66;210;b_skepsis_skepsis;x
518;255;242;130;b_kenchreai_skepsis;x
519;153;255;249;b_dardanos_abydos;x
520;174;68;255;b_kremaste_abydos;x
521;255;43;96;b_abydos_abydos;x
522;99;200;255;b_perkote_lampsakos;x
523;191;43;255;b_lampsakos_lampsakos;x
524;217;255;158;b_kolonai_lampsakos;x
525;255;221;225;TROAS MOUNTAINS;x
526;255;84;252;b_antandros_assos;x
527;255;48;65;b_lyrnessos_adramyttion;x
528;45;38;255;b_adramyttion_adramyttion;x
529;35;255;156;b_nasos_mytilene;x
530;255;58;75;b_mytilene_mytilene;x
531;255;245;145;b_methymna_methymna;x
532;208;114;255;b_eresos_methymna;x
533;214;81;255;b_perperene_pergamon;x
534;175;255;153;b_teuthrania_pergamon;x
535;102;104;255;b_pergamon_pergamon;x
536;182;122;255;b_elaia_elaia;x
537;245;255;114;b_phokaia_phokaia;x
538;255;64;30;b_kyllene_phokaia;x
539;178;255;182;b_kyme_kyme;x
540;255;109;99;b_aigai_kyme;x
541;255;81;214;b_temnos_kyme;x
542;219;253;255;PINDASOS MOUNTAINS;x
543;255;242;206;ASPORDENOS MOUNTAINS;x
544;209;255;237;PHRIKONIS MOUNTAINS;x
545;246;221;255;SIPYLOS MOUNTAINS;x
546;165;33;163;b_smyrna_klazomenai;x
547;165;66;59;b_metropolis_klazomenai;x
548;86;10;168;b_klazomenai_klazomenai;x
549;140;255;140;b_erythrai_erythrai;x
550;255;28;209;b_polichna_erythrai;x
551;163;176;255;b_boutheia_erythrai;x
552;92;73;255;b_chios_chios;x
553;127;184;255;b_phanai_chios;x
554;168;10;49;b_teos_kolophon;x
555;155;74;168;b_lebedos_kolophon;x
556;49;43;168;b_kolophon_kolophon;x
557;165;89;133;b_ephesos_ephesos;x
558;116;89;165;b_priene_ephesos;x
559;102;163;142;b_myous_miletos;x
560;165;164;114;b_anaia_samos;x
561;165;66;137;b_samos_samos;x
562;34;67;165;b_kalamoi_samos;x
563;132;41;165;b_therma_ikaros;x
564;46;165;131;b_oinoe_ikaros;x
565;198;255;215;OLYMPOS MOUNTAIN IONIA;x
566;165;148;168;MASTOUSIA MOUNTAIN IONIA;x
567;248;255;224;TMOLOS MOUNTAIN RANGE;x
568;196;206;255;MESSOGIS MOUNTAIN RANGE;x
569;161;149;168;LATMOS MOUNTAINS;x
570;53;201;255;b_maiandros_ephesos;x
571;124;119;255;b_ioniapolis_miletos;x
572;40;255;151;b_miletos_miletos;x
573;213;255;107;b_teichioussa_miletos;x
574;89;180;255;b_lepsia_miletos;x
575;133;124;255;b_kalymna_kos;x
576;127;204;255;b_kos_kos;x
577;252;79;255;b_astypalaia_kos;x
578;63;245;255;b_mylasa_mylasa;x
579;239;99;255;b_bargylia_mylasa;x
580;93;81;255;b_hydissos_mylasa;x
581;81;81;255;b_halikarnassos_halikarnassos;x
582;58;255;215;b_theangela_halikarnassos;x
583;201;155;255;b_keramos_halikarnassos;x
584;107;134;255;b_idyma_idyma;x
585;183;163;255;b_kyllandos_idyma;x
586;58;235;255;b_physkos_idyma;x
587;255;158;187;b_loryma_loryma;x
588;255;180;140;b_syme_loryma;x
589;102;255;196;b_kaunos_kaunos;x
590;177;130;255;b_kalynda_kaunos;x
591;142;255;232;b_stadia_knidos;x
592;252;255;79;b_knidos_knidos;x
593;255;190;170;b_telos_rhodos;x
594;174;158;255;b_rhodos_rhodos;x
595;71;255;187;b_kamiros_rhodos;x
596;168;205;255;b_lindos_rhodos;x
597;145;255;147;b_karpathos_karpathos;x
598;255;109;225;b_kasos_karpathos;x
599;255;237;252;STRATONIKEIA MOUNTAINS;x
600;234;237;255;MOBOLLA MOUNTAINS;x
601;255;226;253;TARBELOS MOUNTAINS;x
602;255;240;183;KAUNOS LAKE;x
603;225;181;255;b_amyzon_alexandreia_karia;x
604;255;150;197;b_alexandreia_karia_alexandreia_karia;x
605;160;255;204;b_alabanda_alabanda;x
606;168;187;255;b_euhippe_alabanda;x
607;255;38;215;b_gerga_alabanda;x
608;210;127;255;b_chrysaoris_chrysaoris;x
609;99;255;161;b_pisye_chrysaoris;x
610;142;165;255;b_hyllarima_bargasa;x
611;209;104;255;b_bargasa_bargasa;x
612;86;252;255;b_harpasa_antiocheia_karia;x
613;255;53;53;b_antiocheia_antiocheia_karia;x
614;73;224;255;b_aphrodisias_aphrodisias;x
615;170;255;229;b_herakleia_salbakes;x
616;40;255;190;b_apollonia_salbakes;x
617;167;165;255;b_plarasa_aphrodisias;x
618;223;255;173;b_tabai_apollonia_salbakes;x
619;130;180;255;b_kidrama_skiritis;x
620;179;255;175;b_mokolda_skiritis;x
621;124;155;255;b_attouda_kolossai;x
622;171;153;255;b_laodikeia_kolossai;x
623;165;255;205;b_kolossai_kolossai;x
624;247;229;255;GERGA MOUNTAINS;x
625;204;209;255;ANTIOCHEIA KARIA MOUNTAINS;x
626;214;255;238;KADMOS MOUNTAINS;x
627;255;228;214;HIERAPOLIS MOUNTAINS;x
628;249;255;219;KOLOSSAI MOUNTAINS;x
629;222;214;255;SALBAKE MOUNTAINS NORTH;x
630;232;255;236;SALBAKE MOUNTAINS SOUTH;x
631;249;140;255;b_limnai_limnai;x
632;216;255;233;TAYGETOS MONS NORTH;x
633;255;224;251;TEMNON MOUNTAIN;x
634;226;232;255;MEKESTOS SOUTHWEST MOUNTAINS;x
635;247;255;216;SAITTAI MOUNTAIN;x
636;255;232;235;MEKESTOS SOUTHEAST MOUNTAINS;x
637;237;219;255;KADOI MOUNTAIN;x
638;241;255;237;DINDYMOS MOUNTAIN;x
639;230;206;255;KIDYESSOS MOUNTAIN;x
640;201;255;241;SEBASTE MOUNTAIN;x
641;255;205;119;b_nysa_magnesia_lydia;x
642;109;255;129;b_euanthia_magnesia_lydia;x # Also known as Antiocheia, Seleucia, Tralles
643;142;180;255;b_magnesia_magnesia_lydia;x
644;255;168;160;b_anokome_anokome;x
645;255;2;208;b_chondra_anokome;x
646;174;255;160;b_siklia_hypaipa;x
647;56;66;255;b_hypaipa_hypaipa;x
648;255;17;199;b_kleimaka_hypaipa;x
649;237;255;168;b_kaira_kaira;x
650;147;255;183;b_palaiapolis_kaira;x
651;169;130;255;b_koloe_koloe;x
652;109;255;158;b_tarigya_koloe;x
653;99;255;156;b_mostene_magnesia_sipylon;x
654;255;117;181;b_troketta_sardis;x
655;53;218;255;b_tmolos_sardis;x
656;255;243;33;b_sardis_sardis;x
657;130;146;255;b_daldis_daldis;x
658;255;181;250;b_tomara_sardis;x
659;173;255;234;b_maiboza_sardis;x
660;242;160;255;b_thyateira_thyateira;x
661;188;255;211;b_kamai_thyateira;x
662;255;241;209;b_hierokome_thyateira;x
663;156;117;255;b_hyrkanis_magnesia_sipylon;x
664;114;166;255;b_magnesia_magnesia_sipylon;x
665;255;234;243;GYGAIA LAKE;x
666;255;158;153;b_gordos_daldis;x
667;147;255;165;b_antigonios_saittai;x
668;166;112;255;b_sabazios_silandos;x
669;255;176;147;b_odon_saittai;x
670;209;255;145;b_saittai_saittai;x
671;137;241;255;b_silandos_silandos;x
672;185;255;153;b_bagis_tabala;x
673;158;179;255;b_tabala_tabala;x
674;245;63;255;b_kastolos_tabala;x # Seems to be the name of a river. Stand-in due to a lack of documented settlements
675;255;58;147;b_satala_philadelphaia;x
676;255;235;150;b_maionia_philadelphaia;x
677;233;206;255;b_philadelphaia_philadelphaia;x
678;255;5;238;b_phileis_apollonos;x
679;215;191;255;b_apollonos_apollonos;x
680;93;93;145;b_lyendos_temenouthyrai;x
681;34;132;145;b_asteles_temenouthyrai;x # River name
682;142;71;122;b_temenouthyrai_temenouthyrai;x
683;99;72;142;b_blaundos_blaundos;x
684;142;71;84;b_sebaste_blaundos;x
685;255;163;255;b_dioskome_blaundos;x
686;49;63;142;b_akmonia_akmonia;x
687;137;142;88;b_panasion_akmonia;x
688;121;97;142;b_lankena_akmonia;x
689;109;119;255;b_dionysoupolis_mossyna;x
690;132;255;234;b_motella_mossyna;x
691;145;255;169;b_mossyna_mossyna;x
692;178;255;242;b_thiounta_thiounta;x
693;255;191;81;b_saloudeia_thiounta;x
694;255;165;137;b_tripolis_tripolis_lydia;x
695;247;178;255;b_hierapolis_tripolis_lydia;x
696;255;172;155;b_doliche_tripolis;x
697;160;204;255;b_pythion_tripolis;x
698;59;142;72;b_keraia_kydonia;x
699;43;226;226;b_phaistos_gortyn;x
700;67;41;153;b_stalai_praisos;x
701;153;55;19;b_eleia_itanos;x
702;44;214;56;ABRETTENE WEST MOUNTAINS;x
703;62;87;214;ABRETTENE EAST MOUNTAINS;x
704;74;214;197;OLYMPOS MONS;x
705;214;79;64;DASKYLITIS LAKE;x
706;214;201;57;APOLLONIATIS LAKE;x
707;255;174;150;b_parion_parion;x
708;140;151;255;b_priapos_parion;x
709;198;87;87;b_didymateiche_parion;x
710;211;79;255;b_kale_peuke_karesene;x
711;192;160;255;b_argyria_argyria;x
712;193;255;194;b_argiza_argyria;x
713;232;140;255;b_karesos_karesene;x
714;107;255;121;b_zeleia_zeleia;x
715;215;96;255;b_baris_zeleia;x
716;255;236;96;b_poimanenon_daskyleion;x
717;137;255;73;b_daskyleion_daskyleion;x
718;91;76;255;b_miletouteichos_miletopolis;x
719;86;255;246;b_kyzikos_kyzikos;x
720;96;255;104;b_artake_kyzikos;x
721;35;39;255;b_prokonnesos_kyzikos;x
722;255;207;135;b_plakia_kyzikos;x
723;255;38;218;b_apollonia_apollonia_rhyndakos;x
724;58;255;65;b_daphnous_apollonia_rhyndakos;x
725;255;32;20;b_miletopolis_miletopolis;x
726;71;83;255;b_tibbai_nakrason;x
727;255;76;115;b_nakrason_nakrason;x
728;142;161;255;b_hiera_germe_hiera_germe;x
729;255;25;128;b_gambreion_gambreion;x
730;235;163;255;b_parthenion_gambreion;x
731;255;12;182;b_pioniai_pioniai;x
732;255;148;81;b_apias_pioniai;x # Would be renamed to Hadrianoutherai
733;181;43;153;b_gergitha_attea;x
734;242;255;132;b_attea_attea;x
735;255;71;89;b_laneion_pericharaxis;x
736;102;255;142;b_pericharaxis_pericharaxis;x
737;255;82;76;ABBAIITAI MOUNTAINS;x
738;127;255;124;AKROKOS MOUNTAINS;x
739;230;68;255;AIZANOI MOUNTAIN;x
740;149;114;255;b_mekestaleia_abbaiatis;x
741;109;255;56;b_zeus_thimenos_ariste;x
742;107;255;242;b_kybele_ariste;x
743;38;49;255;b_ariste_ariste;x
744;255;58;94;b_sittena_skodrena;x
745;142;255;124;b_zeus_kersoullos_olympene;x
746;255;22;239;b_dagoutene_olympene;x # Stand-in for Hadrianoi
747;211;241;255;b_kybele_palox;x
748;76;255;118;b_palox_palox;x
749;255;178;112;b_aliana_synaos;x
750;58;255;251;b_akrokos_synaos;x
751;255;228;56;b_skodrena_skodrena;x
752;140;255;124;b_synaos_synaos;x
753;119;234;255;b_ankyra_abbaiatis;x
754;255;114;189;b_helge_myrleia;x # Contains Prusa
755;61;255;213;PYTHOPOLIS MOUNTAIN;x
756;255;197;135;b_tataula_kalydnion;x
757;53;255;63;b_sarkotyle_kalydnion;x
758;255;55;33;b_myrleia_myrleia;x
759;255;20;180;b_kios_kios;x
760;255;102;178;b_sangaros_pylai;x
761;255;217;209;SOPHON LIBON MOUNTAINS;x
762;112;190;255;b_charmidea_kios;x
763;255;247;38;b_pythopolis_kios;x
764;82;255;43;b_otroia_otroia;x
765;187;99;255;b_terbos_nikaia;x
766;145;218;255;b_nikaia_nikaia;x
767;112;68;255;b_tetrakomia_kios;x
768;255;120;17;b_olbia_astakos;x
769;255;124;215;b_megarikon_astakos;x
770;132;201;255;b_pylai_pylai;x
771;153;255;210;ASKANIA LAKE;x
772;130;142;255;b_astakos_astakos;x
773;203;255;114;b_kassa_kassa;x
774;112;243;255;b_prindea_kassa;x
775;185;255;22;b_charax_libyssa;x
776;204;175;255;b_libyssa_libyssa;x
777;255;171;45;b_chalkedon_chalkedon;x
778;197;142;255;b_chrysopolis_chalkedon;x
779;255;63;133;b_hieron_chalkedon;x
780;255;222;140;b_artanes_artanes;x
781;211;35;255;b_byzapena_petrozetoi;x
782;188;255;252;b_psillion_psillion;x
783;255;96;117;b_deramoska_petrozetoi;x
784;255;230;48;b_petrazetoi_petrazetoi;x
785;255;137;163;b_kalpe_thynias;x
786;164;99;255;b_rhakela_thynias;x
787;175;156;160;BITHYNIA MOUNTAIN SOUTH;x
788;172;158;175;BITHYNIA MOUNTAIN CENTER;x
789;253;255;224;BITHYNIA MOUNTAIN NORTH;x
790;235;186;255;BITHYNIA MOUNTAIN S1;x
791;246;226;255;BITHYNIA MOUNTAIN S2;x
792;221;251;255;BOANE LAKE;x
793;231;81;255;b_tarsos_tarsos;x
794;255;230;94;b_leada_leada;x
795;158;255;242;b_kieros_kieros;x # Later renamed to Prusias
796;35;255;83;b_enbolos_kieros;x
797;181;255;255;b_bithynion_salon;x
798;255;182;137;b_dadokome_salon;x
799;105;255;45;b_dia_elaios;x
800;255;150;225;b_elaios_elaios;x
801;181;255;147;b_kales_herakleia_pontike;x
802;255;165;173;b_herakleia_herakleia_pontike;x
803;237;173;255;b_oxinas_herakleia_pontike;x
804;28;255;69;b_sandarake_tios;x
805;63;156;255;b_tios_tios;x
806;232;181;255;b_kizoura_nikaia;x
807;255;71;132;b_eikrala_tattaios;x
808;109;255;184;b_agrilion_agrilion;x
809;255;145;56;b_pronnoia_pronnoia;x
810;219;255;209;b_pithekas_pronnoia;x
811;192;255;58;b_oka_oka;x
812;224;212;206;TRIKOMIA WASTELANDS;x # No settlement data here at all.
813;210;188;224;GORDIANE MOUNTAINS;x
814;224;175;107;b_ceratae_dadastana;x
815;224;83;151;b_dadastana_dadastana;x
816;105;224;166;b_apsoda_dableis;x
817;124;255;244;b_dableis_dableis;x
818;145;169;255;b_kadossia_kadossia;x
819;170;255;173;b_modra_modrene;x
820;255;167;142;b_kersine_kadossia;x
821;163;132;255;b_ontoraita_dableis;x
822;255;224;238;b_tattaios_tattaios;x
823;89;194;255;b_thebe_adramyttion;x
824;255;243;234;b_kisthene_atarneus;x
825;255;66;182;b_atarneus_atarneus;x
826;255;225;135;b_pitane_elaia;x
827;107;193;255;b_halisarna_pergamon;x
828;217;255;122;b_apollonia_hiera_germe;x
829;76;237;255;b_pyrrha_mytilene;x
830;255;169;104;b_antissa_methymna;x
831;41;38;48;APESAS MOUNTAIN;x
832;45;43;43;ARACHNAION MOUNTAIN;x
833;40;36;43;AIGIPLANKTOS MOUNTAIN;x
834;50;53;112;b_oinoe_korinthos;x
835;112;26;59;b_hyettos_thebai;x
836;255;138;89;b_panakton_eleusis;x
837;63;255;168;b_acharnai_athenai;x
838;255;131;79;b_aphidna_marathon;x
839;235;137;255;KERATA MOUNTAIN;x
840;229;255;230;PENTELIKON MOUNTAIN;x
841;201;253;255;HYMETTOS MOUNTAIN;x
842;255;249;150;b_petra_dion;x
843;89;163;255;b_phylakai_dion;x
844;196;194;214;AIGAI MOUNTAIN;x
845;140;130;126;EUIA MOUNTAIN;x
846;39;30;140;b_aloros_aigai;x
847;39;137;103;b_alebaia_aiane;x
848;127;255;176;b_balla_aiane;x
849;255;252;79;b_megara_arkynia;x
850;102;145;255;b_greia_euia;x
851;255;81;237;b_krannestai_arnisa;x
852;86;255;210;b_bryne_bokeria;x
853;142;70;49;b_ethnestai_ethnestai;x
854;48;98;142;b_battyna_argos_orestikon;x
855;100;138;214;EORDAIA MOUNTAINS SOUTH;x
856;102;255;234;b_poteidania_naupaktos;x
857;255;145;150;b_makyneia_naupaktos;x
858;255;226;238;KALYDON MOUNTAIN;x
859;63;73;255;b_pleuron_kalydon;x
860;255;251;58;b_lysimacheia_lysimacheia_aitolia;x
861;137;255;237;b_eiteia_eurytania;x
862;255;48;86;b_eurytania_eurytania;x
863;255;71;175;b_ephyra_agraia;x
864;251;255;135;b_limnaia_stratos;x
865;109;255;153;b_phoitiai_stratos;x
866;42;255;22;b_hellomenon_leukas;x
867;234;255;48;b_aperantia_aperantia;x
868;107;141;255;b_tinde_spartolos;x
869;132;240;255;PERRHAIBIA-MACEDONIA MOUNTAINS CENTRAL;x
870;255;218;175;PERRHAIBIA-MACEDONIA MOUNTAINS EAST;x
871;236;255;188;ATHAMANIA SOUTH-CENTRAL MOUNTAIN;x
872;175;255;255;b_tetraphylia_tetraphylia;x
873;255;124;233;TETRAPHYLIA WEST MOUNTAIN;x
874;114;180;255;TETRAPHYLIA EAST MOUNTAIN;x
875;228;255;96;b_aithikia_tetraphylia;x
876;241;255;122;TRIKKA MOUNTAIN;x
877;189;104;255;PHARKADON MOUNTAIN;x
878;255;234;145;OLOOSON MOUNTAIN;x
879;165;189;255;b_methylion_kierion;x
880;237;251;255;PROERNA MOUNTAIN;x
881;255;130;130;b_peuma_melitaia;x
882;255;117;147;b_tripolis_larissa;x
883;255;226;147;LYCIAN SEA;x
884;211;255;216;EPIDAMNOS SEA;x
885;137;137;255;THRAIKE SEA;x
886;43;50;255;BITHYNIA SEA;x
887;255;255;255;THE SEA;x
888;255;99;174;b_skydra_edessa;x
889;243;255;232;b_horma_almopia;x
890;98;130;76;b_kyneoi_berroia;x
891;111;100;127;STAGEIRA MOUNTAIN;x
892;73;117;127;ARGILOS MOUNTAIN;x
893;108;127;108;OLYNTHOS MOUNTAIN;x
894;127;127;117;ANTHEMOUS MOUNTAIN;x
895;127;116;118;IOROS MOUNTAIN;x
896;116;107;124;PHYSKA MOUNTAIN;x
897;196;128;109;b_stolos_olynthos;x
898;80;132;118;b_ossa_ossa;x
899;57;113;130;b_xylopolis_lete;x
900;132;112;34;b_gareskos_gareskos;x
901;132;96;130;b_kallipolis_gareskos;x
902;163;255;178;b_bedyndia_ossa;x
903;111;130;85;b_euporia_tragilos;x
904;201;255;186;b_lederata_lederata;x
905;234;132;255;b_kounisapara_lederata;x
906;255;239;104;b_kouppai_lederata;x
907;109;141;255;b_oulkopara_lederata;x
908;71;109;66;b_kantabaza_kantabaza;x
909;255;138;130;b_rerapara_kantabaza;x
910;163;209;255;b_kalsapa_kantabaza;x
911;78;91;109;HAEMUS MOUNTAINS;x
912;58;88;255;b_kipipene_verzapara;x
913;242;255;178;b_verzapara_verzapara;x
914;196;255;241;b_amoulo_verzapara;x
915;114;128;255;b_gavaballon_kametas;x
916;38;255;186;b_kametas_kametas;x
917;255;190;137;b_merphaia_kametas;x
918;255;102;147;b_borbrega_parnousta;x
919;255;108;35;b_parnousta_parnousta;x
920;229;255;99;b_skaripara_skaripara;x
921;255;81;68;b_idimon_skaripara;x
922;30;255;64;b_stendas_timakon;x
923;255;187;160;b_timakon_timakon;x
924;142;102;255;b_moutzipara_timakon;x
925;135;255;173;b_tzoutrato_klemades;x
926;255;166;124;b_gribo_klemades;x
927;122;255;142;b_klemades_klemades;x
928;255;181;117;b_merioponte_timakiolon;x
929;255;137;223;b_gembero_timakiolon;x
930;255;40;183;b_timakiolon_timakiolon;x
931;168;255;182;b_stendas_neos;x
932;255;200;145;b_taliata_neos;x
933;255;53;184;b_neos_neos;x
934;255;28;168;b_gerulata_arganokella;x
935;61;255;93;b_arganokella_arganokella;x
936;223;201;255;b_doukepratou_arganokella;x
937;173;255;189;b_zanes_zanes;x
938;255;240;35;b_egeta_zanes;x
939;255;187;53;b_meridios_akouai;x
940;48;155;255;b_akouai_akouai;x
941;253;255;242;HAEMUS MOUNTAINS;x
942;232;243;255;HAEMUS MOUNTAINS;x
943;255;237;248;HAEMUS MOUNTAINS;x
944;210;206;255;HAEMUS MOUNTAINS;x
945;214;223;255;HAEMUS MOUNTAINS;x
946;255;229;247;HAEMUS MOUNTAINS;x
947;255;175;220;b_braiola_akouai;x
948;255;187;71;b_iasen_dunonia;x
949;211;255;196;b_dunonia_dunonia;x
950;255;148;142;b_razaria_dunonia;x
951;196;209;255;b_setlota_dortikon;x
952;190;255;181;b_dortikon_dortikon;x
953;155;255;188;b_perkeballon_perkeballon;x
954;255;183;165;b_skoumbro_perkeballon;x
955;109;255;206;b_bidzo_perkeballon;x
956;255;183;96;b_klevora_perkeballon;x
957;181;190;255;b_artanes_betzas;x
958;255;245;196;b_mokatiana_betzas;x
959;168;247;255;b_betzas_betzas;x
960;234;53;255;b_pomodiana_onos;x
961;255;254;219;b_onos_onos;x
962;248;242;255;b_zetnoukortou_orgame;x
963;255;96;139;b_orgame_orgame;x
964;112;166;255;b_bouteries_orgame;x
965;213;117;255;b_arkounes_arkounes;x
966;255;112;178;b_douries_arkounes;x
967;255;112;109;b_ardeia_arkounes;x
968;255;155;205;b_vorovon_tautiomosis;x
969;255;236;142;b_tautiomosis_tautiomosis;x
970;255;209;119;b_koutzousoura_badziania;x
971;119;223;255;b_badziania_badziania;x
972;156;255;147;b_bougapra_aedaba;x
973;144;71;255;b_regianon_aedaba;x
974;122;255;210;b_aedaba_aedaba;x
975;255;240;114;b_banes_tousoudias;x
976;255;135;225;b_bimeros_tousoudias;x
977;132;146;255;b_tousoudias_tousoudias;x
978;255;147;167;b_skoptito_kabessos;x
979;193;202;255;b_kabessos_kabessos;x
980;153;255;173;b_stamazo_kabessos;x
981;153;219;255;b_bineos_kabessos;x
982;163;182;183;HAEMUS MOUNTAINS;x
983;158;156;156;HAEMUS MOUNTAINS;x
984;155;158;142;HAEMUS MOUNTAINS;x
985;142;150;158;HAEMUS MOUNTAINS;x
986;117;255;133;b_salebries_kounai;x
987;142;189;255;b_trullension_kounai;x
988;255;202;142;b_kounai_kounai;x
989;224;168;255;b_bitzimaias_bitzimaias;x
990;170;255;200;b_skentoudies_bitzimaias;x
991;163;163;255;b_skares_bitzimaias;x
992;163;255;251;b_skouanes_oiskos;x
993;231;165;255;b_oiskos_oiskos;x
994;188;255;198;b_bregedaba_oiskos;x
995;119;151;255;b_triromphaipara_arbatias;x
996;181;255;240;b_arbatias_arbatias;x
997;255;173;212;b_storgosia_arbatias;x
998;255;119;137;b_kamistron_bemastes;x
999;236;145;255;b_tourikla_bemastes;x
1000;107;255;203;b_bemastes_bemastes;x
1001;255;247;147;b_saldovissos_longinopara;x
1002;170;252;255;b_longinopara_longinopara;x
1003;200;255;181;b_itadeba_longinopara;x
1004;163;130;255;b_sostra_sostra;x
1005;102;99;255;b_odriouzo_sostra;x
1006;189;165;255;b_deizabria_sostra;x
1007;235;86;255;b_aspoidiza_melta;x
1008;197;96;255;b_melta_melta;x
1009;255;137;145;b_doriones_melta;x
1010;194;150;255;b_giridava_giridava;x
1011;183;255;234;b_krobyzon_giridava;x
1012;168;255;153;b_zetraipara_giridava;x
1013;255;107;119;b_dimension_dimon;x
1014;255;158;155;b_asamos_dimon;x
1015;231;99;255;b_sekouriska_dimon;x
1016;255;224;153;b_dimon_dimon;x
1017;107;168;120;b_pinkos_danedebai;x
1018;80;137;168;b_tourgourias_danedebai;x
1019;100;74;168;b_danedebai_danedebai;x
1020;168;129;117;b_ardeia_horreon_margi;x
1021;56;83;107;b_horreon_margi_horreon_margi;x
1022;107;104;85;b_idimon_horreon_margi;x
1023;94;181;147;b_baos_douiana;x
1024;90;71;104;b_douiana_douiana;x
1025;104;104;33;b_koumodina_douiana;x
1026;181;135;147;b_vrelo_bottes;x
1027;115;148;181;b_tzimes_bottes;x
1028;181;122;59;b_bottes_bottes;x
1029;107;76;66;b_margos_viminikion;x
1030;99;54;107;b_viminikion_viminikion;x
1031;112;162;165;b_vinkeia_viminikion;x
1032;168;152;114;b_sextos_artuas_viminikion;x
1033;181;118;108;b_landaseno_ollonsta;x
1034;139;181;153;b_ollonsta_ollonsta;x
1035;86;181;101;b_oinosta_ollonsta;x
1036;168;47;111;b_ambibriga_singidunon;x
1037;70;65;168;b_avala_singidunon;x
1038;99;168;102;b_singidunon_singidunon;x
1039;168;74;75;b_oktabon_singidunon;x
1040;255;235;201;ZONE MOUNTAIN;x
1041;126;80;186;b_tirida_topeiros;x
1042;163;186;128;b_oraion_topeiros;x
1043;41;91;119;b_arzadon_herakleia_sintike;x
1044;109;131;198;b_herakleia_sintike_herakleia_sintike;x
1045;255;137;176;b_soukakalas_herakleia_sintike;x
1046;122;122;104;STRYMON WEST MOUNTAIN;x
1047;108;122;114;PIRIN MOUNTAIN;x
1048;110;102;122;RILA MOUNTAIN;x
1049;122;63;59;b_desoudaba_neine;x
1050;117;125;183;b_neine_neine;x
1051;181;132;19;b_iamphorina_iamphorina;x
1052;70;173;181;b_sportela_iamphorina;x
1053;181;101;162;b_skaptopara_iamphorina;x
1054;115;119;107;WEST CENTRAL RHODOPE MOUNTAIN;x
1055;107;87;80;KALYBE MOUNTAIN;x
1056;53;56;56;WEST SOUTH CENTRAL RHODOPE MOUNTAIN;x
1057;31;107;39;b_kalybe_kalybe;x
1058;67;141;158;b_thyrdrakas_kalybe;x
1059;86;255;207;b_arzadon_bastakeilapara;x
1060;123;86;255;b_bastakeilapara_bastakeilapara;x
1061;158;255;172;b_dourokhaladiza_bastakeilapara;x
1062;255;198;168;b_keirpara_keirpara;x
1063;127;255;142;b_versyraphous_keirpara;x
1064;135;169;255;b_zvakasoukapara_nestgermakella;x
1065;255;68;158;b_nestgermakella_nestgermakella;x
1066;31;135;32;b_tithasabazias_zvakamezenida;x
1067;35;84;77;b_zvakamezenida_zvakamezenida;x
1068;55;81;77;NORTH CENTER MOUNTAIN;x
1069;71;81;30;b_sourastarysoukis_sourastarysoukis;x
1070;71;146;153;b_skaplikourtaseina_sourastarysoukis;x
1071;115;153;59;b_drenisaimas_sourastarysoukis;x
1072;153;91;74;b_desadama_idanapa;x
1073;58;70;153;b_idanapa_idanapa;x
1074;116;153;120;b_satrazeladiza_skarsabergas;x
1075;153;88;140;b_skarsabergas_skarsabergas;x
1076;145;153;36;b_arzarerasouka_skarsabergas;x
1077;63;81;59;SMOLYAN MOUNTAIN;x
1078;131;117;255;b_ziramys_diostrapara;x
1079;183;77;109;b_diostrapara_diostrapara;x
1080;59;104;44;b_hydrenaterpas_diostrapara;x
1081;104;134;186;b_angantasa_sautasara;x
1082;145;94;186;b_sautasara_sautasara;x
1083;186;164;98;b_skretapoltydatan_peryterpaseina;x
1084;53;60;186;b_peryterpaseina_peryterpaseina;x
1085;55;183;179;b_taroupadiza_taroupadiza;x
1086;183;111;80;b_doumaida_taroupadiza;x
1087;118;183;88;b_benderzas_taroupadiza;x
1088;183;27;16;b_mithraion_apsabredas;x
1089;183;11;163;b_apsabredas_apsabredas;x
1090;153;137;255;b_sourasabazias_tranahydrenas;x
1091;255;119;142;b_tranahydrenas_tranahydrenas;x
1092;68;205;255;b_asabria_tranahydrenas;x
1093;101;255;84;b_rataskymbas_rataskymbas;x
1094;255;99;182;b_azakalas_rataskymbas;x
1095;186;134;55;b_kalsailoudama_rataskymbas;x
1096;42;73;65;RATASKYMBAS WEST MOUNTAIN;x
1097;25;45;73;RATASKYMBAS EAST MOUNTAIN;x
1098;73;17;61;RATASKYMBAS NORTH MOUNTAIN;x
1099;99;183;121;b_athspindas_zervai;x
1100;89;96;183;b_zervai_zervai;x
1101;183;78;82;b_tranadoun_zervai;x
1102;180;128;181;b_malingapara_skarsakiridiza;x
1103;181;168;128;b_skarsakiridiza_skarsakiridiza;x
1104;119;48;181;b_dounbouriseina_skarsakiridiza;x
1105;178;92;64;b_alouzenipara_bebrymardiza;x
1106;48;178;82;b_bebrymardiza_bebrymardiza;x
1107;178;24;137;b_antaizergas_bebrymardiza;x
1108;123;178;164;b_skretasadiza_skretasadiza;x
1109;178;44;75;b_brikeseina_skretasadiza;x
1110;129;84;173;b_zbelskaptiasa_masteira;x
1111;173;71;100;b_brentasoupasa_masteira;x
1112;58;125;173;b_masteira_masteira;x
1113;170;0;99;b_hyperperakion_hyperperakion;x
1114;157;170;54;b_brindoundisa_hyperperakion;x
1115;90;157;170;b_asambyzas_hyperperakion;x
1116;168;45;166;b_raskykapapara_raskykapapara;x
1117;76;45;168;b_tarymezena_raskykapapara;x
1118;62;168;106;b_beithykenthopara_raskykapapara;x
1119;84;130;41;b_siltasautaspara_sourerapara;x
1120;99;45;130;b_bergakozimasoi_sourerapara;x
1121;47;35;130;b_sourerapara_sourerapara;x
1122;128;158;126;b_dingabendis_saldamezenas;x
1123;158;55;86;b_saldamezenas_saldamezenas;x
1124;158;18;39;b_aulouzeniasa_saldamezenas;x
1125;41;155;113;b_zbelperdoun_stenimakhos;x
1126;91;155;103;b_beithypara_stenimakhos;x
1127;138;62;155;b_stenimakhos_stenimakhos;x
1128;38;43;153;b_philippoupolis_philippoupolis;x
1129;42;145;153;b_tougougeron_philippoupolis;x
1130;42;127;153;b_sourasounka_diniseina;x
1131;153;45;56;b_diniseina_diniseina;x
1132;153;107;145;b_meriloudon_bessapara;x
1133;90;153;120;b_brytopara_bessapara;x
1134;153;142;74;b_bessapara_bessapara;x
1135;64;56;153;b_merasamdiza_merasamdiza;x
1136;147;47;153;b_kotyseina_merasamdiza;x
1137;153;100;50;b_tarydapherzas_merasamdiza;x
1138;175;123;158;b_sourazvakadatan_skretasadiza;x
1139;68;46;46;DALMATIAN ALPS 1;x # Liburnia
1140;73;81;59;DALMATIAN ALPS 2;x
1141;37;81;55;DALMATIAN ALPS 3;x
1142;81;43;51;DALMATIAN ALPS 4;x
1143;36;81;74;DALMATIAN ALPS 5;x
1144;31;36;81;DALMATIAN ALPS 6;x
1145;53;28;52;DALMATIAN ALPS 7;x
1146;53;39;34;DALMATIAN ALPS 8;x
1147;121;158;122;b_albona_flanona;x
1148;158;69;141;b_flanona_flanona;x
1149;94;93;158;b_atrokolnos_flanona;x
1150;142;30;153;b_tarsatika_tarsatika;x
1151;155;87;100;b_velkera_tarsatika;x
1152;153;103;45;b_kaukos_tarsatika;x
1153;143;68;153;b_senia_senia;x
1154;21;131;153;b_lopsika_senia;x
1155;153;47;140;b_ortopla_ortopla;x
1156;153;19;30;b_vegion_ortopla;x
1157;113;153;70;b_argurunton_ortopla;x
1158;118;94;255;b_torpeios_aenona;x
1159;20;7;61;b_aenona_aenona;x
1160;255;109;213;b_idassa_idassa;x
1161;181;255;230;b_nedinon_idassa;x
1162;119;255;102;b_paukomoron_idassa;x
1163;255;71;95;b_kolenton_skardon;x
1164;255;252;104;b_arausa_skardon;x
1165;210;137;255;b_skardon_skardon;x
1166;155;255;238;b_varvaria_skardon;x
1167;85;255;56;b_geriotegos_promona;x
1168;255;146;30;b_promona_promona;x
1169;255;40;47;b_burnon_burnon;x
1170;255;89;130;b_ninia_burnon;x
1171;235;63;255;b_korinion_asseria;x
1172;225;255;0;b_asseria_asseria;x
1173;168;255;140;b_sidrona_sidrona;x
1174;255;84;106;b_ekon_sidrona;x
1175;125;255;56;b_vaston_vaston;x
1176;149;147;255;b_ausiogron_vaston;x
1177;173;92;60;b_armentos_mentorides;x
1178;125;173;58;b_kissa_mentorides;x
1179;173;60;130;b_arba_mentorides;x
1180;170;121;165;b_brevategos_elektrides;x
1181;22;170;0;b_kurikon_elektrides;x
1182;149;30;168;b_krexa_apsartides;x
1183;168;67;60;b_apsaros_apsartides;x
1184;168;92;0;b_blotensla_apsartides;x
1185;124;183;121;b_klambetis_klambetis;x
1186;183;176;75;b_ausankalion_klambetis;x
1187;183;82;109;b_korbavion_klambetis;x
1188;90;144;181;b_branaro_ulka;x
1189;147;70;181;b_metuteuta_ulka;x
1190;111;181;90;b_ulka_ulka;x
1191;57;77;178;b_magpaturon_ardotion;x
1192;178;110;114;b_ankos_ardotion;x
1193;124;178;91;b_ardotion_ardotion;x
1194;145;100;175;b_dizeros_arupion;x
1195;24;168;175;b_epidotion_arupion;x
1196;173;111;64;b_arupion_arupion;x
1197;170;76;0;b_avendon_monetion;x
1198;170;59;157;b_monetion_monetion;x
1199;112;148;170;b_kladarmos_monetion;x
1200;219;255;193;b_terponos_metoulon;x
1201;84;92;255;b_tetrapones_metoulon;x
1202;255;81;217;b_metoulon_metoulon;x
1203;131;112;255;b_breva_metoulon;x
1204;255;147;104;b_erkos_kolnis;x
1205;218;255;53;b_keieskosinon_kolnis;x
1206;142;221;255;b_kolnis_kolnis;x
1207;158;255;166;b_deivospelta_bosona;x
1208;158;135;63;b_bosona_bosona;x
1209;255;81;127;b_oramontis_bosona;x
1210;165;68;255;b_velon_segestika;x
1211;255;132;66;b_akmon_segestika;x
1212;199;183;255;b_segestika_segestika;x
1213;193;255;181;b_aiga_segestika;x
1214;145;104;15;b_gerlauntios_andautonia;x
1215;145;50;74;b_andautonia_andautonia;x
1216;81;145;117;b_oinogautis_andautonia;x
1217;58;59;145;b_klopnis_ageron;x
1218;145;13;30;b_leuderonemos_ageron;x
1219;132;145;68;b_ageron_ageron;x
1220;142;67;106;b_upotelsos_opna;x
1221;119;140;78;b_opna_opna;x
1222;137;44;97;b_savos_neunomon;x
1223;63;86;137;b_neunomon_neunomon;x
1224;59;137;82;b_knoukon_neunomon;x
1225;155;181;28;b_antion_komvorion;x
1226;135;73;56;b_komvorion_komvorion;x
1227;56;165;65;b_kelga_komvorion;x
1228;175;56;120;b_enplovion_enplovion;x
1229;43;43;43;b_vaton_enplovion;x
1230;173;60;52;b_kasterlon_kasterlon;x
1231;147;32;173;b_kuddron_kasterlon;x
1232;122;86;35;b_drogon_drogon;x
1233;56;66;122;b_neukleion_drogon;x
1234;71;122;44;b_deuleva_drogon;x
1235;255;114;104;b_astron_astron;x
1236;170;255;86;b_karkron_astron;x
1237;150;121;82;b_kolnkonon_plorinos;x
1238;46;28;150;b_sonom_plorinos;x
1239;150;21;7;b_plorinos_plorinos;x
1240;41;147;44;b_treveson_treveson;x
1241;36;147;112;b_sikabrigon_treveson;x
1242;28;130;38;b_kynna_herakleia_pontica;x
1243;111;63;255;b_arkiroessa_arkiroessa;x
1244;223;255;66;b_priola_arkiroessa;x
1245;86;14;12;PRIOLA MOUNTAIN;x
1246;40;255;115;b_pouzane_leada;x
1247;95;56;255;b_vesteuta_neuverion;x
1248;255;35;159;b_antion_neuverion;x
1249;99;179;255;b_neuverion_neuverion;x
1250;56;119;52;b_pouropai_triknaita;x
1251;119;46;28;b_triknaita_triknaita;x
1252;119;62;119;b_morzapena_triknaita;x
1253;48;255;237;b_tenba_psillion;x
1254;119;255;178;b_chelaita_artanes;x
1255;101;81;255;b_mandrai_rhebas;x
1256;255;229;38;b_rhebas_rhebas;x
1257;155;255;119;b_dakibyza_libyssa;x
1258;30;61;18;ELAIA MOUNTAIN;x
1259;150;70;77;b_elaia_astakos;x
1260;234;77;182;b_kalasyrta_astakos;x
1261;255;213;130;b_strobilos_pylai;x
1262;255;244;38;b_eikote_myrleia;x
1263;87;54;178;b_daskyleion_daskyleion_propontis;x
1264;255;211;236;b_artaiou_teichos_daskyleion_propontis;x
1265;173;46;122;b_kalydnion_kalydnion;x
1266;150;141;15;b_takomis_otroia;x
1267;81;76;186;b_mygdum_plassyene;x
1268;209;211;255;b_plassye_plassye;x
1269;114;26;21;PRONNOIA MOUNTAIN;x
1270;28;68;30;KALOUKOME MOUNTAIN;x
1271;235;58;255;b_kaloukome_agrilion;x
1272;86;27;20;EIKRALA MOUNTAIN;x
1273;68;65;211;CHOGIAI MOUNTAIN;x
1274;211;139;61;OKA MOUNTAIN;x
1275;86;5;50;HIARAZA MOUNTAIN;x
1276;152;173;109;b_hiaraza_oka;x
1277;201;221;86;b_gallika_gallika;x
1278;124;255;129;b_boleiai_gallika;x
1279;255;230;183;b_lamneis_gallika;x
1280;87;61;170;b_kabia_nikaia;x
1281;255;142;22;b_chogeae_tattaios;x
1282;196;92;80;b_simana_zipoition;x
1283;158;196;54;b_zipoition_zipoition;x
1284;158;255;198;b_kybena_tarsos;x
1285;255;163;89;b_biztinianas_tarsos;x
1286;90;86;158;b_lausos_kieros;x
1287;110;112;14;PAPHLAGONIA MOUNTAIN;x
1288;255;99;185;b_kouslanka_salon;x
1289;255;208;40;b_tmatea_modra;x
1290;117;96;41;b_thynias_thynias;x
1291;70;137;28;b_liada_nikaia;x
1292;173;122;86;b_anion_klandate;x
1293;173;40;26;b_klandate_klandate;x
1294;110;107;173;b_budmenon_klandate;x
1295;170;13;123;b_kreparion_peron;x
1296;66;170;80;b_peron_peron;x
1297;81;54;170;b_iotagerdon_peron;x
1298;168;96;87;b_iumion_servition;x
1299;168;164;92;b_servition_servition;x
1300;102;168;126;b_balkis_servition;x
1301;69;168;90;b_heromon_heromon;x
1302;132;85;168;b_dolon_heromon;x
1303;62;165;152;b_prodoron_prodoron;x
1304;165;149;46;b_hekmoneuson_prodoron;x
1305;165;83;72;b_splonon_splonon;x
1306;151;39;165;b_herdarion_splonon;x
1307;82;81;165;b_aimate_kanabai;x
1308;165;96;114;b_heiovasson_kanabai;x
1309;144;74;165;b_kanabai_kanabai;x
1310;107;100;5;b_mapulon_zorveiron;x
1311;107;35;34;b_zorveiron_zorveiron;x
1312;71;75;107;b_hevinurion_zorveiron;x
1313;75;107;62;b_urbate_urbate;x
1314;58;107;87;b_grounon_urbate;x
1315;198;95;193;b_domai_kaminos;x
1316;83;198;95;b_kaminos_kaminos;x
1317;198;169;63;b_giateron_kaminos;x
1318;198;127;186;b_groukisnos_groukisnos;x
1319;125;198;190;b_sekavikon_groukisnos;x
1320;255;208;158;b_drukenon_drukaion;x
1321;210;255;33;b_drukaion_drukaion;x
1322;210;173;255;b_herbon_drukaion;x
1323;109;255;189;b_sneigon_hounion;x
1324;255;58;163;b_gounebriga_hounion;x
1325;153;132;255;b_hounion_hounion;x
1326;255;133;109;b_nieraron_nieraron;x
1327;143;84;255;b_spikon_nieraron;x
1328;191;238;255;b_marbriga_nieraron;x
1329;255;96;236;b_oeiron_ardrouknon;x
1330;66;255;151;b_ardrouknon_ardrouknon;x
1331;76;88;255;b_karsnaron_ardrouknon;x
1332;145;79;182;b_ianon_ianon;x
1333;255;114;168;b_drudaton_ianon;x
1334;110;255;48;b_knoukon_breukon;x
1335;255;53;221;b_breukon_breukon;x
1336;193;255;107;b_nueon_drinon;x
1337;109;112;255;b_drinon_drinon;x
1338;255;108;89;b_diniadamon_drinon;x
1339;13;193;85;b_phournos_salinai;x
1340;191;84;178;b_salinai_salinai;x
1341;193;184;15;b_neukai_salinai;x
1342;193;17;164;b_phalaines_orron;x
1343;124;87;193;b_orron_orron;x
1344;191;58;51;b_sphakon_stigon;x
1345;36;191;22;b_stigon_stigon;x
1346;191;60;51;b_oimon_belbriga;x
1347;191;163;139;b_belbriga_belbriga;x
1348;94;191;82;b_bandera_belbriga;x
1349;255;255;168;b_paloukon_paloukon;x
1350;140;161;255;b_skela_paloukon;x
1351;255;81;93;b_novikiana_paloukon;x
1352;136;255;107;b_altina_taurounon;x
1353;200;35;255;b_taurounon_taurounon;x
1354;255;217;201;b_burgenis_taurounon;x
1355;198;94;71;b_bassiana_bassiana;x
1356;139;146;198;b_idiminion_bassiana;x
1357;73;72;34;b_rittion_akoumikon;x
1358;198;49;146;b_akoumikon_akoumikon;x
1359;113;92;196;b_karron_kouson;x
1360;92;196;94;b_kouson_kouson;x
1361;119;47;68;b_phossai_sirmion;x
1362;113;56;119;b_sirmion_sirmion;x
1363;76;119;58;b_budalia_sirmion;x
1364;67;59;117;b_oioson_sirmion;x
1365;110;12;117;b_malata_kouson;x
1366;117;41;69;b_koukkion_koukkion;x
1367;76;81;117;b_spaneta_koukkion;x
1368;117;99;66;b_ulmos_koukkion;x
1369;25;87;114;b_bobriga_bobriga;x
1370;114;48;19;b_gardon_bobriga;x
1371;85;37;114;b_saldis_bobriga;x
1372;74;114;71;b_basante_klouaon;x
1373;114;22;42;b_klouaon_klouaon;x
1374;175;74;65;b_kausilena_klouaon;x
1375;193;175;32;b_volkos_teutobourgion;x
1376;191;7;59;b_teutobourgion_teutobourgion;x
1377;193;85;13;b_labores_teutobourgion;x
1378;191;175;174;b_leutuoano_kibalis;x
1379;177;51;191;b_kibalis_kibalis;x
1380;236;255;30;b_volkon_mursa;x
1381;255;56;245;b_mursa_mursa;x
1382;132;199;255;b_mursella_mursa;x
1383;165;255;211;b_iovalia_mursa;x
1384;255;79;111;b_bromagon_kelon;x
1385;99;56;255;b_kelon_kelon;x
1386;255;2;128;b_malliasion_kelon;x
1387;255;149;114;b_stravianis_pikentinon;x
1388;173;176;128;b_pikentinon_pikentinon;x
1389;147;235;255;b_leukonon_pikentinon;x
1390;83;61;255;b_kirtisa_kirtisa;x
1391;255;50;136;b_boson_kirtisa;x
1392;115;142;32;b_piravikon_marsonia;x
1393;132;85;142;b_leukonon_marsonia;x
1394;80;53;255;b_marsonia_marsonia;x
1395;61;74;142;b_oion_kaputon;x
1396;136;142;21;b_domeon_kaputon;x
1397;141;38;142;b_kaputon_kaputon;x
1398;43;216;187;b_menneianai_bruion;x
1399;47;56;216;b_bruion_bruion;x
1400;216;210;138;b_kveiton_bruion;x
1401;172;49;214;b_varianis_varianis;x
1402;81;127;160;b_steigion_varianis;x
1403;160;137;81;b_gotision_varianis;x
1404;116;160;81;b_iasorvenses_varianis;x
1405;55;58;158;b_balissai_balissai;x
1406;158;71;61;b_steibergon_balissai;x
1407;158;33;145;b_drukenon_balissai;x
1408;94;155;133;b_ludon_inkeron;x
1409;158;3;36;b_inkeron_inkeron;x
1410;124;63;158;b_mothon_inkeron;x
1411;104;28;219;b_hekmobergon_hekmobergon;x
1412;155;41;26;b_bruogon_hekmobergon;x
1413;157;209;219;b_permargon_hekmobergon;x
1414;219;128;17;b_delion_serena;x
1415;219;190;63;b_vereis_serena;x
1416;168;96;219;b_serena_serena;x
1417;209;72;219;b_maurianis_serena;x
1418;103;135;68;b_karrodunon_karrodunon;x
1419;107;48;135;b_serota_karrodunon;x
1420;112;202;216;b_lentulis_karrodunon;x
1421;87;135;119;b_iovista_karrodunon;x
1422;107;35;137;b_louta_lentulos;x
1423;137;100;44;b_lentulos_lentulos;x
1424;25;64;68;b_piretis_lentulos;x
1425;162;81;181;b_sonista_iovia;x
1426;52;151;181;b_iovia_iovia;x
1427;181;137;34;b_brigaventos_iovia;x
1428;160;106;181;b_sukon_vesubona;x
1429;181;27;111;b_brigatrion_vesubona;x
1430;62;56;181;b_vesubona_vesubona;x
1431;181;146;151;b_nevorosion_demsareon;x
1432;56;93;181;b_demsareon_demsareon;x
1433;181;143;56;b_elekaputon_demsareon;x
1434;181;45;178;b_pion_pion;x
1435;45;84;46;b_heusteron_pion;x
1436;42;31;84;b_remeon_pion;x
1437;158;168;50;b_longobona_brigion;x
1438;45;65;168;b_brigion_brigion;x
1439;168;107;164;b_borvanalon_brigion;x
1440;134;168;75;b_kaktion_velibona;x
1441;46;165;50;b_velibona_velibona;x
1442;165;36;116;b_batraxon_velibona;x
1443;226;120;159;b_eron_iasion;x
1444;220;226;158;b_pyrri_iasion;x
1445;148;142;226;b_pekudomion_iasion;x
1446;171;61;226;b_iasion_iasion;x
1447;74;100;226;b_dunon_viva;x
1448;226;31;31;b_viva_viva;x
1449;116;217;175;b_giannion_viva;x
1450;67;59;226;b_laboron_laboron;x
1451;221;226;113;b_senaston_laboron;x
1452;159;226;104;b_lopherdomon_lopherdomon;x
1453;226;26;0;b_margon_lopherdomon;x
1454;136;160;226;b_vivai_tribrigon;x
1455;116;226;106;b_tribrigon_tribrigon;x
1456;226;61;102;b_amargon_tribrigon;x
1457;44;102;107;b_ostrom_ostrom;x
1458;53;56;44;OSTROM MOUNTAIN;x
1459;84;57;104;b_batkounion_ostrom;x
1460;75;74;104;b_rhaniskelos_ostrom;x
1461;70;175;160;b_koulkoussa_koulkoussa;x
1462;149;175;70;b_brylouzas_koulkoussa;x
1463;175;106;96;b_extuomne_koulkoussa;x
1464;165;173;15;b_sparata_sparata;x
1465;147;120;173;b_egirka_sparata;x
1466;39;43;170;b_bataldeva_sparata;x
1467;121;127;40;b_stipon_stipon;x
1468;127;65;79;b_soupria_stipon;x
1469;127;112;90;b_potela_stipon;x
1470;110;122;193;b_kolpikios_straminos;x
1471;135;68;103;b_straminos_straminos;x
1472;52;135;29;b_athypara_straminos;x
1473;45;33;61;SKROMBOS MOUNTAINS;x
1474;126;188;92;b_skinzeries_zyakozrera;x
1475;91;30;127;b_zyakozrera_zyakozrera;x
1476;105;88;130;b_karistoron_zyakozrera;x
1477;81;81;70;KARISTORON MOUNTAIN;x
1478;95;91;160;b_pautalion_pautalion;x
1479;56;56;35;PAUTALION MOUNTAIN;x
1480;206;92;121;b_spinopara_pautalion;x
1481;53;24;31;SPINOPARA MOUNTAIN;x
1482;24;206;52;b_binai_pautalion;x
1483;88;206;179;b_kanzoula_seitaouene;x
1484;72;24;204;b_seitaouene_seitaouene;x
1485;204;157;71;b_desoudaba_seitaouene;x
1486;150;46;46;b_keilaiskos_elea;x
1487;150;145;88;b_elea_elea;x
1488;66;150;123;b_souegogmense_elea;x
1489;107;106;150;b_klouidos_elea;x
1490;150;131;105;b_buaipara_soierakmon;x
1491;114;24;150;b_soierakmon_soierakmon;x
1492;150;79;119;b_limos_soierakmon;x
1493;255;127;214;b_letagenis_serdika;x
1494;255;185;107;b_karaula_serdika;x
1495;125;193;65;b_serdika_serdika;x
1496;101;109;255;b_kratiskara_serdika;x
1497;181;97;117;b_kledeoua_magoura;x
1498;113;206;122;b_magoura_magoura;x
1499;135;205;255;b_skodra_magoura;x
1500;38;69;96;b_kherdouskera_tarporon;x
1501;59;145;143;b_souabastas_tarporon;x
1502;145;95;137;b_tarporon_tarporon;x
1503;90;158;100;b_bitalkosta_bitalkosta;x
1504;51;48;20;BITALKOSTA MOUNTAIN;x
1505;136;158;39;b_synageiron_bitalkosta;x
1506;21;0;158;b_tridanous_bitalkosta;x
1507;213;216;6;b_kleidion_doberos;x
1508;138;155;118;b_doberos_doberos;x
1509;97;155;87;b_steros_steros;x
1510;149;62;155;b_ponton_steros;x
1511;104;142;153;b_astraion_astraion;x
1512;153;45;90;b_rakiteton_astraion;x
1513;110;74;153;b_brysos_astraion;x
1514;153;132;0;b_astibos_astibos;x
1515;153;55;81;b_bargala_astibos;x
1516;188;129;77;b_zapara_astibos;x
1517;188;30;30;b_apeuna_astibos;x
1518;155;0;119;b_antreremites_bylazora;x
1519;137;155;88;b_koritos_bylazora;x
1520;134;158;83;b_sindmataron_bylazora;x
1521;108;107;158;b_bylazora_bylazora;x
1522;155;68;139;b_adkephalon_almana;x
1523;101;155;60;b_almana_almana;x
1524;151;80;155;b_ermos_almana;x
1525;99;75;142;b_boisakon_stenai;x
1526;100;142;82;b_antigoneia_stenai;x
1527;142;12;90;b_stenai_stenai;x
1528;176;211;80;b_erigon_erigon;x
1529;211;82;153;b_oinon_erigon;x
1530;206;194;64;b_eoiriston_sboboi;x
1531;69;81;91;EOIRISTON MOUNTAIN;x
1532;74;96;206;b_kranon_stoboi;x
1533;209;77;155;b_stoboi_stoboi;x
1534;206;33;93;b_belissos_stoboi;x
1535;89;62;127;b_zelenikon_tauresion;x
1536;127;32;29;b_tauresion_tauresion;x
1537;211;150;135;b_ation_ation;x
1538;122;168;211;b_beliton_ation;
1539;28;76;41;BELITON MOUNTAIN;x
1540;181;85;45;b_ieterimon_draudakon;x
1541;151;181;76;b_draudakon_draudakon;x
1542;115;196;184;b_oaineon_draudakon;x
1543;152;181;57;b_laskarkon_skoupoi;x
1544;145;155;159;b_paldenikon_skoupoi;x
1545;63;15;14;SKOUPOI MOUNTAIN;x
1546;173;39;64;b_skoupoi_skoupoi;x
1547;71;72;173;b_toumagaron_skoupoi;x
1548;139;149;165;b_tranoupara_gegligobon;x
1549;165;91;81;b_oiizion_gegligobon;x
1550;133;163;88;b_gegligobon_gegligobon;x
1551;168;116;142;b_tranatoura_slabiskon;x
1552;78;76;170;b_slabiskon_slabiskon;x
1553;170;54;108;b_kopribon_slabiskon;x
1554;165;104;149;b_kokinon_damastion;x
1555;69;112;165;b_damastion_damastion;x
1556;91;165;86;b_braterai_damastion;x
1557;67;103;135;b_meldia_meldia;x
1558;103;132;87;b_ballanstra_meldia;x
1559;48;43;132;b_translitis_meldia;x
1560;135;59;65;b_berakela_toures;x
1561;59;135;126;b_porostion_toures;x
1562;135;133;24;b_toures_toures;x
1563;135;90;97;b_brizanos_telobakon;x
1564;67;135;36;b_zinobastos_telobakon;x
1565;122;83;135;b_telobakon_telobakon;x
1566;34;71;73;TELOBAKON MOUNTAIN;x
1567;122;75;137;b_radikes_remesiana;x
1568;135;135;104;b_remesiana_remesiana;x
1569;135;58;101;b_armoule_remesiana;x
1570;247;112;255;b_mediana_naissos;x
1571;97;150;28;b_naissos_naissos;x
1572;147;76;105;b_bolbabria_naissos;x
1573;65;102;147;b_hammeon_naissos;x
1574;67;76;91;b_beitekmon_bregobion;x
1575;90;48;91;b_bregobion_bregobion;x
1576;147;142;36;b_zellon_bregobion;x
1577;79;75;145;b_herakleion_herakleion;x
1578;39;145;15;b_mytorga_herakleion;x
1579;145;112;40;b_skokela_herakleion;x
1580;46;145;95;b_zelai_zelai;x
1581;116;145;100;b_karsimia_zelai;x
1582;145;43;30;b_skaplizo_zelai;x
1583;48;142;54;b_tados_tados;x
1584;99;114;142;b_rholligeras_tados;x
1585;73;55;142;b_kandaras_tados;x
1586;30;64;127;b_bession_korbebon;x
1587;127;119;61;b_korbebon_korbebon;x
1588;127;49;71;b_doubnika_korbebon;x
1589;73;65;127;b_anausaro_kinon;x
1590;124;98;82;b_gerdelikon_kinon;x
1591;51;56;84;b_kinon_kinon;x
1592;95;181;127;b_zonion_zonion;x
1593;178;73;138;b_lexon_zonion;x
1594;71;158;178;b_berabaton_zonion;x
1595;95;94;181;b_tiphos_zonion;x
1596;162;178;181;b_blassion_koulinon;x
1597;149;178;121;b_tougion_koulinon;x
1598;178;160;0;b_koulinon_koulinon;x
1599;166;175;102;b_lastikon_lastikon;x
1600;86;175;171;b_dabidobon_lastikon;x
1601;38;99;34;b_progragion_lastikon;x
1602;175;137;40;b_skardion_lastikon;x
1603;116;94;158;b_amoron_oulpiana;x
1604;95;101;175;b_nougasteton_oulpiana;x
1605;145;66;141;b_oulpiana_oulpiana;x
1606;160;151;78;b_arilegon_oulpiana;x
1607;115;158;115;b_zoroiton_zoroiton;x
1608;40;46;155;b_spinosa_zoroiton;x
1609;73;155;148;b_bindenis_bindenis;x
1610;155;55;60;b_kexekollon_bindenis;x
1611;87;155;112;b_xokoton_bindenis;x
1612;137;65;155;b_koursymiskon_bindenis;x
1613;173;112;97;b_spinthopyra_beisaleta;x
1614;173;153;27;b_stroboula_beisaleta;x
1615;158;72;173;b_beisaleta_beisaleta;x
1616;96;96;92;ZEAPOURIES MOUNTAIN;x
1617;39;42;173;b_zeapouries_alaibria;x
1618;83;173;108;b_alaibria_alaibria;x
1619;55;81;173;b_skalpa_alaibria;x
1620;102;160;170;b_breloubon_breloubon;x
1621;170;66;78;b_plesson_breloubon;x
1622;20;59;66;BREBOULON MOUNTAIN;x
1623;70;170;71;b_daisyme_breloubon;x
1624;82;114;155;b_hiberon_mellon;x
1625;25;68;28;MELLON MOUNTAIN;x
1626;99;46;52;b_mellon_mellon;x
1627;99;134;153;b_raskion_mellon;x
1628;145;61;69;b_rason_arsa;x
1629;104;105;204;b_arsa_arsa;x
1630;64;87;99;ARSA MOUNTAIN;x
1631;153;100;139;b_kosmasion_edonton;x
1632;133;153;88;b_edonton_edonton;x
1633;81;90;153;b_dardanoron_edonton;x
1634;204;132;126;b_domreizon_demetrion;x
1635;132;158;204;b_demetrion_demetrion;x
1636;126;204;81;b_kabron_demetrion;x
1637;73;21;50;KABRON MOUNTAIN;x
1638;85;188;204;b_breon_siparanton;x
1639;59;71;30;SIPARANTON MOUNTAIN;x
1640;204;126;158;b_siparanton_siparanton;x
1641;204;91;134;b_hioudon_siparanton;x
1642;105;27;160;b_ouikon_ouikon;x
1643;84;160;78;b_niouesaron_ouikon;x
1644;57;160;134;b_theranda_theranda;x
1645;160;81;85;b_kiphlakon_theranda;x
1646;199;204;59;b_zatrikon_theranda;x
1647;101;125;142;b_azorime_petrizon;x
1648;159;173;97;b_petrizon_petrizon;x
1649;31;47;84;PETRIZON MOUNTAIN;x
1650;128;76;165;b_vembon_hasson;x
1651;21;28;66;VEMBON MOUNTAIN;x
1652;115;206;177;b_hasson_hasson;x
1653;76;55;45;AREZON MOUNTAIN;x
1654;99;108;206;b_arezon_hasson;x
1655;181;204;120;b_kermion_kermion;x
1656;204;89;198;b_dikeon_kermion;x
1657;51;63;53;DIKEON MOUNTAIN;x
1658;24;53;53;ASTRAION MOUNTAIN;x
1659;31;56;25;STENAI MOUNTAIN;x
1660;68;43;28;DRAUDAKON MOUNTAIN;x
1661;63;63;61;KOURSIMYSKON MOUNTAIN;x